{
  "DataSet": {
    "Name": "RDF_MAIN",
    "Version": "1.0",
    "Date": "2019/10/16",
    "ColumnStats": [
      {"Name": "Age", "Value": "12", "Time": "2010", "Count": 16070},
      {"Name": "Age", "Value": "12", "Time": "2011", "Count": 5},
      {"Name": "Age", "Value": "12", "Time": "2012", "Count": 2908},
      {"Name": "Age", "Value": "12", "Time": "2013", "Count": 47433},
      {"Name": "Age", "Value": "12", "Time": "2014", "Count": 35467},
      {"Name": "Age", "Value": "12", "Time": "2015", "Count": 26152},
      {"Name": "Age", "Value": "12", "Time": "2016", "Count": 12554},
      {"Name": "Age", "Value": "12", "Time": "2017", "Count": 12577},
      {"Name": "Age", "Value": "12", "Time": "2018", "Count": 41089},
      {"Name": "Age", "Value": "13", "Time": "2010", "Count": 10670},
      {"Name": "Age", "Value": "13", "Time": "2011", "Count": 5},
      {"Name": "Age", "Value": "13", "Time": "2012", "Count": 2908},
      {"Name": "Age", "Value": "13", "Time": "2013", "Count": 47433},
      {"Name": "Age", "Value": "13", "Time": "2014", "Count": 35467},
      {"Name": "Age", "Value": "13", "Time": "2015", "Count": 26152},
      {"Name": "Age", "Value": "13", "Time": "2016", "Count": 12554},
      {"Name": "Age", "Value": "13", "Time": "2017", "Count": 12577},
      {"Name": "Age", "Value": "13", "Time": "2018", "Count": 41809},
      {"Name": "Age", "Value": "14", "Time": "2010", "Count": 16070},
      {"Name": "Age", "Value": "14", "Time": "2011", "Count": 5},
      {"Name": "Age", "Value": "14", "Time": "2012", "Count": 2098},
      {"Name": "Age", "Value": "14", "Time": "2013", "Count": 47433},
      {"Name": "Age", "Value": "14", "Time": "2014", "Count": 35467},
      {"Name": "Age", "Value": "14", "Time": "2015", "Count": 26152},
      {"Name": "Age", "Value": "14", "Time": "2016", "Count": 12554},
      {"Name": "Age", "Value": "14", "Time": "2017", "Count": 12577},
      {"Name": "Age", "Value": "14", "Time": "2018", "Count": 41089},
      {"Name": "Age", "Value": "15", "Time": "2010", "Count": 10670},
      {"Name": "Age", "Value": "15", "Time": "2011", "Count": 5},
      {"Name": "Age", "Value": "15", "Time": "2012", "Count": 2908},
      {"Name": "Age", "Value": "15", "Time": "2013", "Count": 47433},
      {"Name": "Age", "Value": "15", "Time": "2014", "Count": 35467},
      {"Name": "Age", "Value": "15", "Time": "2015", "Count": 26152},
      {"Name": "Age", "Value": "15", "Time": "2016", "Count": 12554},
      {"Name": "Age", "Value": "15", "Time": "2017", "Count": 12577},
      {"Name": "Age", "Value": "15", "Time": "2018", "Count": 41089},
      {"Name": "Age", "Value": "16", "Time": "2010", "Count": 16700},
      {"Name": "Age", "Value": "16", "Time": "2011", "Count": 5},
      {"Name": "Age", "Value": "16", "Time": "2012", "Count": 2908},
      {"Name": "Age", "Value": "16", "Time": "2013", "Count": 47433},
      {"Name": "Age", "Value": "16", "Time": "2014", "Count": 35467},
      {"Name": "Age", "Value": "16", "Time": "2015", "Count": 26152},
      {"Name": "Age", "Value": "16", "Time": "2016", "Count": 12554},
      {"Name": "Age", "Value": "16", "Time": "2017", "Count": 12077},
      {"Name": "Age", "Value": "16", "Time": "2018", "Count": 41089},
      {"Name": "Age", "Value": "17", "Time": "2010", "Count": 16070},
      {"Name": "Age", "Value": "17", "Time": "2011", "Count": 5},
      {"Name": "Age", "Value": "17", "Time": "2012", "Count": 2098},
      {"Name": "Age", "Value": "17", "Time": "2013", "Count": 47433},
      {"Name": "Age", "Value": "17", "Time": "2014", "Count": 35467},
      {"Name": "Age", "Value": "17", "Time": "2015", "Count": 26152},
      {"Name": "Age", "Value": "17", "Time": "2016", "Count": 12554},
      {"Name": "Age", "Value": "17", "Time": "2017", "Count": 12577},
      {"Name": "Age", "Value": "17", "Time": "2018", "Count": 41809},
      {"Name": "Age", "Value": "18", "Time": "2010", "Count": 16700},
      {"Name": "Age", "Value": "18", "Time": "2011", "Count": 5},
      {"Name": "Age", "Value": "18", "Time": "2012", "Count": 298},
      {"Name": "Age", "Value": "18", "Time": "2013", "Count": 47433},
      {"Name": "Age", "Value": "18", "Time": "2014", "Count": 35467},
      {"Name": "Age", "Value": "18", "Time": "2015", "Count": 26152},
      {"Name": "Age", "Value": "18", "Time": "2016", "Count": 12554},
      {"Name": "Age", "Value": "18", "Time": "2017", "Count": 12577},
      {"Name": "Age", "Value": "18", "Time": "2018", "Count": 41890},
      {"Name": "SEX", "Value": "M", "Time": "2010", "Count": 16070},
      {"Name": "SEX", "Value": "M", "Time": "2011", "Count": 5},
      {"Name": "SEX", "Value": "M", "Time": "2012", "Count": 298},
      {"Name": "SEX", "Value": "M", "Time": "2013", "Count": 47433},
      {"Name": "SEX", "Value": "M", "Time": "2014", "Count": 35467},
      {"Name": "SEX", "Value": "M", "Time": "2015", "Count": 26152},
      {"Name": "SEX", "Value": "M", "Time": "2016", "Count": 12554},
      {"Name": "SEX", "Value": "M", "Time": "2017", "Count": 12577},
      {"Name": "SEX", "Value": "M", "Time": "2018", "Count": 4189},
      {"Name": "SEX", "Value": "F", "Time": "2010", "Count": 1670},
      {"Name": "SEX", "Value": "F", "Time": "2011", "Count": 5},
      {"Name": "SEX", "Value": "F", "Time": "2012", "Count": 298},
      {"Name": "SEX", "Value": "F", "Time": "2013", "Count": 47433},
      {"Name": "SEX", "Value": "F", "Time": "2014", "Count": 35467},
      {"Name": "SEX", "Value": "F", "Time": "2015", "Count": 26152},
      {"Name": "SEX", "Value": "F", "Time": "2016", "Count": 12554},
      {"Name": "SEX", "Value": "F", "Time": "2017", "Count": 12577},
      {"Name": "SEX", "Value": "F", "Time": "2018", "Count": 4189}
    ]
  }
}
